City_ID,City,Country,Date,Current Description,Lat,Lng,Max Temp,Humidity,Cloudiness,Wind Speed
0,Rikitea,PF,2022-09-07 03:51:26,light rain,-23.1203,-134.9692,72.86,76,100,25.97
1,Saint George,US,2022-09-07 03:56:23,broken clouds,37.1041,-113.5841,99.63,16,53,4.76
2,Shamkhal,RU,2022-09-07 03:57:03,light rain,43.0596,47.3373,59.02,90,100,6.31
3,Hobart,AU,2022-09-07 03:54:01,broken clouds,-42.8794,147.3294,57.06,64,75,10.36
4,Busselton,AU,2022-09-07 03:57:04,broken clouds,-33.65,115.3333,62.53,59,83,10.25
5,Rocha,UY,2022-09-07 03:56:26,scattered clouds,-34.4833,-54.3333,51.67,99,26,5.12
6,Guerrero Negro,MX,2022-09-07 03:54:18,clear sky,27.9769,-114.0611,81.09,72,5,4.5
7,Ushuaia,AR,2022-09-07 03:57:04,light snow,-54.8,-68.3,29.86,93,75,12.66
8,Severo-Yeniseyskiy,RU,2022-09-07 03:57:05,overcast clouds,60.3725,93.0408,46.98,72,99,1.66
9,Bredasdorp,ZA,2022-09-07 03:57:05,few clouds,-34.5322,20.0403,44.28,90,21,2.44
10,Jever,DE,2022-09-07 03:57:06,moderate rain,53.5833,7.9,60.03,88,100,5.5
11,Albany,US,2022-09-07 03:54:19,overcast clouds,42.6001,-73.9662,63.39,95,100,1.21
12,Beringovskiy,RU,2022-09-07 03:57:06,overcast clouds,63.05,179.3167,42.13,82,100,15.32
13,Faanui,PF,2022-09-07 03:57:07,clear sky,-16.4833,-151.75,78.46,75,8,18.84
14,Sarlat-La-Caneda,FR,2022-09-07 03:57:07,broken clouds,44.889,1.2166,60.3,86,53,1.32
15,Madingou,CG,2022-09-07 03:57:08,broken clouds,-4.1536,13.55,74.57,75,55,4.0
16,Kaeo,NZ,2022-09-07 03:57:08,broken clouds,-35.1,173.7833,55.4,62,62,4.25
17,Kuruman,ZA,2022-09-07 03:57:08,clear sky,-27.4524,23.4325,53.28,18,0,9.86
18,Erdaojiang,CN,2022-09-07 03:57:09,clear sky,41.7764,126.0319,69.13,51,0,10.0
19,Nizhniy Tsasuchey,RU,2022-09-07 03:57:09,broken clouds,50.5167,115.1333,74.5,35,62,14.23
20,Vaini,TO,2022-09-07 03:47:14,broken clouds,-21.2,-175.2,82.56,89,75,6.91
21,Inhambane,MZ,2022-09-07 03:57:10,overcast clouds,-23.865,35.3833,69.98,78,99,14.27
22,Necochea,AR,2022-09-07 03:57:10,few clouds,-38.5473,-58.7368,51.8,74,20,10.87
23,Pochutla,MX,2022-09-07 03:57:11,overcast clouds,15.7432,-96.4661,77.83,91,100,3.06
24,Leningradskiy,RU,2022-09-07 03:57:11,overcast clouds,69.3833,178.4167,43.03,65,100,4.94
25,Mataura,NZ,2022-09-07 03:57:11,overcast clouds,-46.1927,168.8643,41.49,96,90,4.29
26,Castro,BR,2022-09-07 03:57:12,overcast clouds,-24.7911,-50.0119,53.67,98,100,10.54
27,Djibo,BF,2022-09-07 03:57:12,moderate rain,14.1022,-1.6306,76.95,77,99,11.79
28,Sao Filipe,CV,2022-09-07 03:57:13,light rain,14.8961,-24.4956,79.11,85,100,8.12
29,Nouadhibou,MR,2022-09-07 03:54:47,clear sky,20.931,-17.0347,75.18,73,7,19.57
30,Mishkino,RU,2022-09-07 03:57:13,overcast clouds,55.3389,63.9175,48.45,65,96,12.41
31,Dikson,RU,2022-09-07 03:56:22,light rain,73.5069,80.5464,37.33,81,100,19.86
32,Fairbanks,US,2022-09-07 03:56:44,scattered clouds,64.8378,-147.7164,57.6,74,41,2.64
33,Varkaus,FI,2022-09-07 03:57:14,overcast clouds,62.3153,27.873,41.31,93,100,6.35
34,Bluff,NZ,2022-09-07 03:57:14,broken clouds,-46.6,168.3333,41.81,72,83,11.68
35,Ottumwa,US,2022-09-07 03:57:14,clear sky,41.02,-92.4113,69.89,79,1,1.01
36,Lisala,CD,2022-09-07 03:57:15,broken clouds,2.15,21.5167,69.3,99,68,0.98
37,Hermanus,ZA,2022-09-07 03:57:15,scattered clouds,-34.4187,19.2345,48.79,80,31,6.91
38,Bikaner,IN,2022-09-07 03:57:16,few clouds,28.0167,73.3,91.76,40,12,4.52
39,Port Elizabeth,ZA,2022-09-07 03:54:02,broken clouds,-33.918,25.5701,50.31,91,75,3.44
40,Belmonte,BR,2022-09-07 03:57:16,overcast clouds,-15.8631,-38.8828,70.11,79,86,9.73
41,Qaanaaq,GL,2022-09-07 03:55:07,overcast clouds,77.484,-69.3632,35.47,90,100,5.37
42,Te Anau,NZ,2022-09-07 03:48:22,overcast clouds,-45.4167,167.7167,42.37,95,100,2.37
43,Yellowknife,CA,2022-09-07 03:52:52,few clouds,62.456,-114.3525,50.56,66,20,8.05
44,Bambous Virieux,MU,2022-09-07 03:58:17,scattered clouds,-20.3428,57.7575,70.21,72,40,3.44
45,Pangnirtung,CA,2022-09-07 03:58:18,overcast clouds,66.1451,-65.7125,39.07,79,100,5.75
46,Gamba,GA,2022-09-07 03:58:18,overcast clouds,-2.65,10.0,74.17,84,87,6.31
47,Saint-Philippe,RE,2022-09-07 03:54:04,scattered clouds,-21.3585,55.7679,69.39,70,27,10.16
48,Lantawan,PH,2022-09-07 03:58:19,overcast clouds,10.6167,123.9833,85.69,72,100,5.1
49,Port Lincoln,AU,2022-09-07 03:58:19,overcast clouds,-34.7333,135.8667,61.7,73,92,13.42
50,Riyadh,SA,2022-09-07 03:53:48,clear sky,24.6877,46.7219,80.74,12,0,1.07
51,Itaituba,BR,2022-09-07 03:58:20,broken clouds,-4.2761,-55.9836,75.51,78,58,1.66
52,Mount Isa,AU,2022-09-07 03:54:11,clear sky,-20.7333,139.5,91.17,15,4,14.97
53,Vostok,RU,2022-09-07 03:58:20,overcast clouds,46.4856,135.8833,53.22,71,98,19.8
54,Udachnyy,RU,2022-09-07 03:58:21,broken clouds,66.4167,112.4,44.46,75,61,15.28
55,San Patricio,US,2022-09-07 03:58:21,overcast clouds,28.017,-97.5169,82.89,85,100,4.92
56,Vagur,FO,2022-09-07 03:58:21,overcast clouds,61.4732,-6.8119,53.62,92,97,21.41
57,Puerto Rondon,CO,2022-09-07 03:58:22,overcast clouds,6.2805,-71.1,72.45,91,94,3.56
58,Ciudad Guayana,VE,2022-09-07 03:58:22,overcast clouds,8.3533,-62.6528,73.78,96,100,2.51
59,Cape Girardeau,US,2022-09-07 03:58:23,broken clouds,37.3834,-89.7168,71.02,90,59,6.8
60,Jamestown,US,2022-09-07 03:58:23,overcast clouds,42.097,-79.2353,63.52,68,100,1.99
61,Mackenzie,CA,2022-09-07 03:58:23,overcast clouds,55.2999,-123.1698,52.02,93,100,2.3
62,Mandalgovi,MN,2022-09-07 03:58:24,clear sky,45.7625,106.2708,76.3,17,1,9.19
63,Mumford,GH,2022-09-07 03:58:24,overcast clouds,5.2618,-0.759,73.13,94,100,6.8
64,Skibotn,NO,2022-09-07 03:58:24,overcast clouds,69.3913,20.2679,45.61,92,100,0.65
65,Carnarvon,AU,2022-09-07 03:56:27,broken clouds,-24.8667,113.6333,67.57,50,73,7.07
66,Mecca,SA,2022-09-07 03:58:25,scattered clouds,21.4267,39.8261,87.06,48,45,4.81
67,Tasiilaq,GL,2022-09-07 03:49:50,broken clouds,65.6145,-37.6368,39.36,90,54,5.99
68,Namatanai,PG,2022-09-07 03:58:25,light rain,-3.6667,152.4333,84.92,68,33,9.19
69,Port Alfred,ZA,2022-09-07 03:49:49,clear sky,-33.5906,26.891,55.99,82,0,5.79
70,Punta Arenas,CL,2022-09-07 03:53:58,clear sky,-53.15,-70.9167,32.11,80,0,16.11
71,Ossora,RU,2022-09-07 03:58:26,clear sky,59.2353,163.0719,54.73,53,2,8.48
72,Kondoa,TZ,2022-09-07 03:58:27,few clouds,-4.9,35.7833,57.63,84,20,4.34
73,Itarema,BR,2022-09-07 03:58:27,few clouds,-2.9248,-39.9167,78.37,79,17,15.66
74,Geraldton,AU,2022-09-07 03:56:23,broken clouds,-28.7667,114.6,66.61,59,75,9.22
75,Namibe,AO,2022-09-07 03:58:27,overcast clouds,-15.1961,12.1522,62.58,90,94,4.9
76,Adrar,MR,2022-09-07 03:58:28,broken clouds,20.5022,-10.0711,93.18,17,62,13.35
77,Jackson,US,2022-09-07 03:58:28,broken clouds,42.4165,-122.8345,88.75,38,57,1.48
78,Narsaq,GL,2022-09-07 03:58:28,overcast clouds,60.9167,-46.05,45.7,92,88,1.07
79,Iqaluit,CA,2022-09-07 03:58:29,light rain,63.7506,-68.5145,42.53,81,100,9.22
80,Suzdal,RU,2022-09-07 03:58:29,overcast clouds,56.4281,40.4414,43.75,89,100,9.75
81,Thompson,CA,2022-09-07 03:51:25,scattered clouds,55.7435,-97.8558,55.56,76,40,9.22
82,Wukari,NG,2022-09-07 03:56:19,overcast clouds,7.85,9.7833,71.76,97,99,5.64
83,Bengkulu,ID,2022-09-07 03:58:30,overcast clouds,-3.8004,102.2655,80.26,70,100,5.77
84,Coquimbo,CL,2022-09-07 03:58:30,overcast clouds,-29.9533,-71.3436,51.53,100,100,2.3
85,Nishihara,JP,2022-09-07 03:58:30,scattered clouds,26.1842,127.7558,85.28,62,40,17.27
86,Ilulissat,GL,2022-09-07 03:58:31,light rain,69.2167,-51.1,36.07,97,100,2.89
87,Hobyo,SO,2022-09-07 03:58:31,few clouds,5.3505,48.5268,76.42,80,22,23.98
88,Shimoda,JP,2022-09-07 03:58:31,overcast clouds,34.6667,138.95,86.36,84,99,2.77
89,Arraial Do Cabo,BR,2022-09-07 03:51:25,overcast clouds,-22.9661,-42.0278,67.69,72,98,20.4
90,Mahebourg,MU,2022-09-07 03:58:32,scattered clouds,-20.4081,57.7,70.25,72,40,3.44
91,Locri,IT,2022-09-07 03:58:32,clear sky,38.2414,16.2623,73.31,50,5,5.59
92,Pingliang,CN,2022-09-07 03:58:33,scattered clouds,35.5392,106.6861,75.54,43,48,12.53
93,Touros,BR,2022-09-07 03:59:33,clear sky,-5.1989,-35.4608,72.0,85,6,15.37
94,Banda Aceh,ID,2022-09-07 03:54:53,overcast clouds,5.5577,95.3222,77.14,87,100,15.28
95,Meadow Lake,US,2022-09-07 03:59:33,clear sky,34.8014,-106.5436,81.14,25,0,6.22
96,Guadalajara,MX,2022-09-07 03:59:21,overcast clouds,20.6667,-103.3333,62.08,91,100,3.11
97,Kitgum,UG,2022-09-07 03:59:34,few clouds,3.2783,32.8867,63.34,95,12,2.48
98,Butaritari,KI,2022-09-07 03:59:34,overcast clouds,3.0707,172.7902,81.59,69,100,14.52
99,Georgetown,MY,2022-09-07 03:58:50,scattered clouds,5.4112,100.3354,82.33,92,40,3.44
100,Kaitangata,NZ,2022-09-07 03:59:35,overcast clouds,-46.2817,169.8464,46.42,88,92,6.67
101,Vad,RU,2022-09-07 03:59:35,overcast clouds,55.5301,44.2114,45.5,88,100,9.89
102,Puerto Ayora,EC,2022-09-07 03:49:51,overcast clouds,-0.7393,-90.3518,68.38,91,100,11.18
103,Atuona,PF,2022-09-07 03:45:52,light rain,-9.8,-139.0333,77.18,79,17,19.73
104,Norman Wells,CA,2022-09-07 03:59:36,broken clouds,65.282,-126.8329,50.04,62,75,6.91
105,Bethel,US,2022-09-07 03:59:36,overcast clouds,41.3712,-73.414,65.52,90,100,6.91
106,Iquique,CL,2022-09-07 03:59:37,few clouds,-20.2208,-70.1431,57.24,74,20,2.89
107,Uberlandia,BR,2022-09-07 03:59:37,clear sky,-18.9186,-48.2772,72.61,49,0,14.97
108,Avera,US,2022-09-07 03:59:38,overcast clouds,33.194,-82.5271,77.05,79,100,6.15
109,Macusani,PE,2022-09-07 03:59:38,clear sky,-14.0833,-70.4333,37.47,79,8,2.37
110,Tiksi,RU,2022-09-07 03:59:38,overcast clouds,71.6872,128.8694,45.12,78,92,19.89
111,Tuatapere,NZ,2022-09-07 03:59:39,overcast clouds,-46.1333,167.6833,46.4,83,87,6.08
112,Huilong,CN,2022-09-07 03:59:39,clear sky,31.8111,121.655,85.21,57,2,6.69
113,Raiwala,IN,2022-09-07 03:59:39,clear sky,30.0167,78.2167,87.48,58,0,0.98
114,Pili,PH,2022-09-07 03:59:40,overcast clouds,13.5833,123.3,85.33,74,99,1.36
115,Paamiut,GL,2022-09-07 03:58:43,clear sky,61.994,-49.6678,39.79,86,0,12.5
116,Barrow,US,2022-09-07 03:59:40,overcast clouds,71.2906,-156.7887,46.6,71,85,5.44
117,Erenhot,CN,2022-09-07 03:59:41,clear sky,43.6475,111.9767,78.98,19,0,12.17
118,Vao,NC,2022-09-07 03:55:15,scattered clouds,-22.6667,167.4833,68.09,63,30,12.97
119,Asau,RO,2022-09-07 03:59:41,broken clouds,46.4333,26.4,47.32,67,75,1.66
120,Chuy,UY,2022-09-07 03:55:08,broken clouds,-33.6971,-53.4616,55.42,97,75,8.32
121,San Cristobal,VE,2022-09-07 03:59:42,overcast clouds,7.7669,-72.225,77.18,96,99,2.8
122,Chokurdakh,RU,2022-09-07 03:58:45,broken clouds,70.6333,147.9167,61.18,32,60,12.15
123,Laguna,US,2022-09-07 03:59:42,clear sky,38.421,-121.4238,98.76,31,0,9.22
124,Ola,RU,2022-09-07 03:59:42,overcast clouds,59.5833,151.2833,62.15,50,100,6.15
125,Codrington,AU,2022-09-07 03:59:43,overcast clouds,-38.2667,141.9667,62.04,73,100,14.74
126,Cotonou,BJ,2022-09-07 03:59:43,scattered clouds,6.3654,2.4183,75.18,88,40,8.05
127,Grindavik,IS,2022-09-07 03:56:25,fog,63.8424,-22.4338,46.87,100,52,5.75
128,Kamenka,RU,2022-09-07 03:59:44,clear sky,51.3223,42.7678,43.7,70,8,7.31
129,Kapaa,US,2022-09-07 03:59:44,light rain,22.0752,-159.319,85.98,77,15,5.01
130,Hilo,US,2022-09-07 03:59:44,few clouds,19.7297,-155.09,85.28,88,12,1.01
131,Aksu,CN,2022-09-07 03:59:45,clear sky,41.1231,80.2644,84.09,16,0,1.48
132,Provideniya,RU,2022-09-07 03:59:45,light intensity shower rain,64.3833,-173.3,46.51,93,100,8.99
133,Hithadhoo,MV,2022-09-07 03:59:45,broken clouds,-0.6,73.0833,81.81,69,75,13.0
134,Longyearbyen,SJ,2022-09-07 03:59:46,overcast clouds,78.2186,15.6401,39.6,92,97,3.58
135,Shalakusha,RU,2022-09-07 03:59:46,light rain,62.2247,40.2539,43.77,95,100,6.64
136,Fortuna Foothills,US,2022-09-07 03:59:46,clear sky,32.6578,-114.4119,92.21,61,0,15.01
137,Hailar,CN,2022-09-07 03:59:47,scattered clouds,49.2,119.7,70.75,27,48,18.14
138,Nioki,CD,2022-09-07 04:00:47,clear sky,-2.7167,17.6833,73.81,85,10,1.16
139,Americus,US,2022-09-07 03:58:15,overcast clouds,32.0724,-84.2327,76.87,72,99,2.1
140,Pangai,TO,2022-09-07 04:00:48,broken clouds,-19.8,-174.35,77.9,78,51,10.8
141,Saint-Ambroise,CA,2022-09-07 04:00:48,clear sky,48.5501,-71.3324,51.33,86,6,1.83
142,Antequera,ES,2022-09-07 04:00:48,scattered clouds,37.0194,-4.5612,72.45,60,30,4.5
143,Cape Town,ZA,2022-09-07 04:00:49,scattered clouds,-33.9258,18.4232,53.91,75,45,8.01
144,Saint Pete Beach,US,2022-09-07 04:00:49,few clouds,27.7253,-82.7412,86.02,70,22,1.01
145,Oranjemund,NA,2022-09-07 04:00:49,clear sky,-28.55,16.4333,55.08,71,0,8.21
146,Alora,ES,2022-09-07 04:00:50,scattered clouds,36.8236,-4.7058,72.32,57,38,5.79
147,Alice Springs,AU,2022-09-07 04:00:50,scattered clouds,-23.7,133.8833,83.75,24,40,20.71
148,Butka,RU,2022-09-07 04:00:51,overcast clouds,56.7179,63.7866,46.42,67,93,7.83
149,Jorpeland,NO,2022-09-07 04:00:51,overcast clouds,59.0225,6.0408,60.15,65,100,7.38
150,Abu Samrah,SY,2022-09-07 04:00:51,clear sky,35.3029,37.1841,72.63,78,0,6.58
151,Wuda,CN,2022-09-07 04:00:52,clear sky,39.4994,106.7117,78.03,17,3,15.19
152,Anadyr,RU,2022-09-07 04:00:52,broken clouds,64.75,177.4833,46.9,61,75,13.42
153,Kismayo,SO,2022-09-07 04:00:52,clear sky,-0.3582,42.5454,75.69,76,6,16.08
154,Mar Del Plata,AR,2022-09-07 03:56:47,few clouds,-38.0023,-57.5575,55.87,82,11,8.01
155,Meulaboh,ID,2022-09-07 04:00:53,overcast clouds,4.1363,96.1285,81.43,69,100,3.33
156,Pevek,RU,2022-09-07 04:00:53,overcast clouds,69.7008,170.3133,40.37,75,98,9.78
157,Tabou,CI,2022-09-07 04:00:54,light rain,4.423,-7.3528,74.64,90,79,5.93
158,Saskylakh,RU,2022-09-07 04:00:54,light rain,71.9167,114.0833,44.06,79,100,5.39
159,Sur,OM,2022-09-07 03:58:40,clear sky,22.5667,59.5289,85.57,61,2,5.77
160,Port Hardy,CA,2022-09-07 04:00:55,overcast clouds,50.6996,-127.4199,58.73,77,100,2.51
161,Hengshui,CN,2022-09-07 04:00:34,clear sky,37.7322,115.7011,85.3,27,0,2.33
162,Ierapetra,GR,2022-09-07 04:00:56,clear sky,35.01,25.7353,74.14,60,1,11.99
163,La Ronge,CA,2022-09-07 04:00:56,broken clouds,55.1001,-105.2842,55.9,52,52,7.72
164,Tual,ID,2022-09-07 04:00:56,overcast clouds,-5.6667,132.75,80.28,81,88,11.21
165,Yumen,CN,2022-09-07 04:00:57,broken clouds,40.2833,97.2,80.44,10,52,3.89
166,Rio Grande,BR,2022-09-07 04:00:57,overcast clouds,-32.035,-52.0986,57.94,96,100,7.99
167,Yulara,AU,2022-09-07 04:00:57,clear sky,-25.2406,130.9889,73.76,22,1,22.97
168,Kilindoni,TZ,2022-09-07 04:00:58,clear sky,-7.9139,39.6668,74.8,77,7,12.39
169,Rio Verde De Mato Grosso,BR,2022-09-07 04:00:58,clear sky,-18.9181,-54.8442,76.42,40,4,3.78
170,Ust-Kulom,RU,2022-09-07 04:00:59,overcast clouds,61.6864,53.6902,43.47,95,100,4.07
171,Dunkirk,FR,2022-09-07 03:57:53,broken clouds,51.05,2.3667,59.14,95,58,10.54
172,Penzance,GB,2022-09-07 04:00:59,broken clouds,50.1186,-5.5371,63.28,89,71,19.13
173,Esperance,AU,2022-09-07 03:57:35,light rain,-33.8667,121.9,57.04,85,100,25.21
174,Nikolskoye,RU,2022-09-07 04:01:00,overcast clouds,59.7035,30.7861,48.78,97,85,6.71
175,Bilma,NE,2022-09-07 04:01:00,clear sky,18.6853,12.9164,89.15,19,5,11.68
176,High Rock,BS,2022-09-07 04:01:01,clear sky,26.6208,-78.2833,84.33,70,2,5.66
177,Surgut,RU,2022-09-07 04:01:01,clear sky,61.25,73.4167,44.78,93,0,8.99
178,Upernavik,GL,2022-09-07 04:01:01,overcast clouds,72.7868,-56.1549,38.32,96,99,12.3
179,Kununurra,AU,2022-09-07 04:01:02,scattered clouds,-15.7667,128.7333,96.78,24,40,11.5
180,Alihe,CN,2022-09-07 04:01:03,few clouds,50.5667,123.7167,67.05,33,18,13.67
181,Barentu,ER,2022-09-07 04:01:04,broken clouds,15.1139,37.5928,70.5,87,66,5.17
182,Muncar,ID,2022-09-07 04:01:06,overcast clouds,-8.4333,114.3333,81.9,76,88,7.92
183,Tigil,RU,2022-09-07 04:01:07,overcast clouds,57.8,158.6667,63.88,57,98,6.04
184,Naze,JP,2022-09-07 03:58:37,broken clouds,28.3667,129.4833,83.32,65,74,12.03
185,Biu,NG,2022-09-07 04:01:07,light rain,10.6129,12.1946,66.43,96,100,3.2
186,Lagoa,PT,2022-09-07 04:01:08,overcast clouds,39.05,-27.9833,75.04,86,87,16.51
187,Tuktoyaktuk,CA,2022-09-07 04:02:08,overcast clouds,69.4541,-133.0374,35.73,80,86,10.65
188,Ulaangom,MN,2022-09-07 04:02:08,clear sky,49.9811,92.0667,77.61,20,5,3.13
189,East London,ZA,2022-09-07 04:00:33,clear sky,-33.0153,27.9116,56.43,73,0,5.44
190,Pasighat,IN,2022-09-07 04:02:09,overcast clouds,28.0667,95.3333,77.54,84,100,1.48
191,Quatre Cocos,MU,2022-09-07 04:02:09,broken clouds,-20.2078,57.7625,70.09,68,58,14.97
192,Gomel,BY,2022-09-07 04:02:10,clear sky,52.4345,30.9754,40.98,87,0,4.47
193,Clinton,US,2022-09-07 04:00:04,clear sky,42.587,-82.9199,64.94,81,0,1.01
194,Lebu,CL,2022-09-07 04:02:11,overcast clouds,-37.6167,-73.65,50.11,88,94,16.96
195,Hasaki,JP,2022-09-07 04:02:11,overcast clouds,35.7333,140.8333,84.29,79,100,7.92
196,New Norfolk,AU,2022-09-07 04:02:12,scattered clouds,-42.7826,147.0587,56.71,39,33,5.95
197,Khatanga,RU,2022-09-07 03:57:31,overcast clouds,71.9667,102.5,36.68,74,100,13.29
198,Poing,DE,2022-09-07 04:02:12,overcast clouds,48.17,11.8186,61.56,93,97,4.5
199,Gushikawa,JP,2022-09-07 04:02:13,broken clouds,26.3544,127.8686,85.23,62,72,11.72
200,Bahir Dar,ET,2022-09-07 04:00:31,light rain,11.5936,37.3908,58.8,92,94,2.75
201,Shu,KZ,2022-09-07 04:02:13,clear sky,43.5983,73.7614,86.76,12,0,5.64
202,Paysandu,UY,2022-09-07 04:02:14,clear sky,-32.3214,-58.0756,55.6,87,0,8.14
203,Hofn,IS,2022-09-07 04:02:14,broken clouds,64.2539,-15.2082,52.18,83,81,9.06
204,Kiunga,PG,2022-09-07 04:02:14,overcast clouds,-6.1219,141.2906,90.36,56,98,0.89
205,Ponta Do Sol,PT,2022-09-07 04:02:15,scattered clouds,32.6667,-17.1,70.72,77,34,1.86
206,Tahta,EG,2022-09-07 04:02:15,clear sky,26.7693,31.5021,79.41,42,0,5.28
207,Omsukchan,RU,2022-09-07 04:02:15,few clouds,62.5333,155.8,56.64,44,15,10.31
208,Sitka,US,2022-09-07 04:02:16,moderate rain,57.0531,-135.33,50.63,92,100,7.23
209,Isangel,VU,2022-09-07 04:02:16,overcast clouds,-19.55,169.2667,72.18,91,100,5.91
210,Berdigestyakh,RU,2022-09-07 04:02:16,light rain,62.0989,126.6992,51.58,67,81,4.56
211,Sao Joao Da Barra,BR,2022-09-07 04:02:17,broken clouds,-21.6403,-41.0511,67.41,64,66,11.79
212,Qianan,CN,2022-09-07 04:02:17,clear sky,44.9932,124.0581,73.69,41,4,14.92
213,Talara,PE,2022-09-07 04:02:18,broken clouds,-4.5772,-81.2719,63.59,89,52,16.51
214,Kayerkan,RU,2022-09-07 04:02:18,overcast clouds,69.3497,87.7602,32.52,100,100,10.65
215,Panjab,AF,2022-09-07 04:02:19,clear sky,34.388,67.0233,61.77,21,0,2.15
216,Torbay,CA,2022-09-07 04:02:19,overcast clouds,47.6666,-52.7314,56.75,92,100,11.68
217,Mashhad,IR,2022-09-07 04:02:20,clear sky,36.297,59.6062,73.54,40,0,4.61
218,Lorengau,PG,2022-09-07 04:02:20,overcast clouds,-2.0226,147.2712,85.41,65,98,7.63
219,Beyneu,KZ,2022-09-07 04:02:21,overcast clouds,45.3167,55.2,63.07,46,96,8.12
220,Vila Velha,BR,2022-09-07 04:02:22,overcast clouds,-20.3297,-40.2925,69.94,71,94,3.0
221,Sungairaya,ID,2022-09-07 04:02:22,overcast clouds,0.7,108.9,88.25,59,87,4.27
222,Aksarka,RU,2022-09-07 04:02:23,overcast clouds,66.5606,67.7975,37.35,93,100,9.46
223,Chapais,CA,2022-09-07 04:02:23,clear sky,49.7834,-74.8492,55.27,71,8,2.8
224,Asosa,ET,2022-09-07 04:02:24,overcast clouds,10.0667,34.5333,59.16,93,100,3.09
225,Chickasha,US,2022-09-07 04:00:36,clear sky,35.0526,-97.9364,79.14,50,0,7.34
226,Ino,JP,2022-09-07 04:02:24,scattered clouds,33.55,133.4333,88.11,60,41,1.52
227,Altay,CN,2022-09-07 04:02:25,clear sky,47.8667,88.1167,83.32,14,1,5.48
228,Bandarbeyla,SO,2022-09-07 04:02:25,broken clouds,9.4942,50.8122,77.74,68,68,28.41
229,Ribeira Grande,PT,2022-09-07 04:02:26,moderate rain,38.5167,-28.7,76.78,83,99,18.34
230,Ust-Uda,RU,2022-09-07 04:02:26,overcast clouds,54.1742,103.0304,52.5,89,100,0.78
231,Bintulu,MY,2022-09-07 04:02:26,overcast clouds,3.1667,113.0333,85.86,63,100,1.74
232,Buraydah,SA,2022-09-07 04:03:27,clear sky,26.326,43.975,87.3,12,0,3.09
233,Agogo,GH,2022-09-07 04:03:27,overcast clouds,6.8,-1.0819,67.24,99,95,3.51
234,Coshocton,US,2022-09-07 04:03:28,overcast clouds,40.272,-81.8596,66.54,94,87,6.04
235,Kavaratti,IN,2022-09-07 04:03:28,overcast clouds,10.5669,72.642,80.28,81,100,20.51
236,Bairiki,KI,2022-09-07 04:03:28,scattered clouds,1.3292,172.9752,86.0,62,40,12.66
237,Nioro,GM,2022-09-07 04:03:29,overcast clouds,13.35,-15.75,75.92,96,100,5.64
238,Nurota,UZ,2022-09-07 04:03:29,clear sky,40.5614,65.6886,77.47,27,0,9.84
239,Vanimo,PG,2022-09-07 04:03:30,overcast clouds,-2.6741,141.3028,84.43,70,100,8.1
240,Severo-Kurilsk,RU,2022-09-07 04:03:30,overcast clouds,50.6789,156.125,55.89,86,100,13.31
241,Phuket,TH,2022-09-07 04:02:26,light rain,8.0,98.25,84.09,83,75,12.66
242,Kudahuvadhoo,MV,2022-09-07 04:03:31,overcast clouds,2.6708,72.8944,81.7,76,92,15.12
243,Kavieng,PG,2022-09-07 03:59:58,light rain,-2.5744,150.7967,84.63,67,54,8.75
244,Xiuyan,CN,2022-09-07 04:03:31,clear sky,40.2928,123.2744,76.3,54,0,4.25
245,Cherskiy,RU,2022-09-07 04:03:32,scattered clouds,68.75,161.3,57.33,39,41,16.15
246,Bonthe,SL,2022-09-07 04:03:32,moderate rain,7.5264,-12.505,74.68,93,100,4.88
247,Vallenar,CL,2022-09-07 04:03:32,clear sky,-28.5708,-70.7581,56.88,77,0,1.54
248,Sechura,PE,2022-09-07 04:03:33,clear sky,-5.5569,-80.8222,63.05,83,0,12.48
249,Saint-Joseph,RE,2022-09-07 04:03:33,few clouds,-21.3667,55.6167,69.21,68,19,8.1
250,Berlevag,NO,2022-09-07 04:03:34,overcast clouds,70.8578,29.0864,40.95,81,100,8.05
251,Havelock,US,2022-09-07 04:03:34,broken clouds,34.8791,-76.9013,80.58,95,75,0.0
252,Homer,US,2022-09-07 03:59:31,overcast clouds,59.6425,-151.5483,52.81,89,100,1.01
253,Delhi,IN,2022-09-07 04:00:31,haze,28.6667,77.2167,91.49,55,20,0.0
254,Ahipara,NZ,2022-09-07 04:03:35,scattered clouds,-35.1667,173.1667,57.63,54,26,1.83
255,Lakefield,US,2022-09-07 04:03:35,clear sky,43.6775,-95.1717,71.78,82,0,3.44
256,Brae,GB,2022-09-07 04:03:35,overcast clouds,60.3964,-1.353,57.85,78,100,19.89
257,Srednekolymsk,RU,2022-09-07 04:03:36,clear sky,67.45,153.6833,64.27,29,0,6.38
258,Victoria,HK,2022-09-07 04:00:27,overcast clouds,22.2855,114.1577,92.17,80,99,11.01
259,Plaster Rock,CA,2022-09-07 04:03:36,clear sky,46.9065,-67.39,52.32,89,0,0.85
260,Tucumcari,US,2022-09-07 04:03:36,clear sky,35.1717,-103.725,69.64,46,0,6.91
261,Pentecoste,BR,2022-09-07 04:03:37,few clouds,-3.7928,-39.2703,74.62,83,20,2.15
262,Panaba,MX,2022-09-07 04:03:37,clear sky,21.2833,-88.2667,77.65,88,8,6.87
263,Santa Cruz,BO,2022-09-07 04:00:05,clear sky,-17.8,-63.1667,67.95,35,0,7.2
264,Lavrentiya,RU,2022-09-07 04:03:38,light rain,65.5833,-171.0,45.86,84,95,7.54
265,Sarangani,PH,2022-09-07 04:03:38,overcast clouds,5.4033,125.4636,82.94,68,96,4.41
266,Verkhovazhye,RU,2022-09-07 04:03:38,overcast clouds,60.7472,42.0465,44.64,93,100,2.82
267,Bellinzona,CH,2022-09-07 04:03:39,broken clouds,46.1928,9.017,70.0,97,75,2.3
268,Maniitsoq,GL,2022-09-07 04:03:39,light rain,65.4167,-52.9,39.4,88,98,10.56
269,Lompoc,US,2022-09-07 04:03:39,clear sky,34.6391,-120.4579,82.78,80,0,1.01
270,Ostrovnoy,RU,2022-09-07 04:03:40,light rain,68.0531,39.5131,44.22,75,99,18.25
271,Mayo,US,2022-09-07 04:03:40,overcast clouds,38.8876,-76.5119,74.08,93,100,1.99
272,Ancud,CL,2022-09-07 04:03:41,light rain,-41.8697,-73.8203,45.23,91,99,18.41
273,Smithers,CA,2022-09-07 04:03:41,light rain,54.7804,-127.1743,52.12,87,100,5.75
274,Cardston,CA,2022-09-07 04:02:54,clear sky,49.2,-113.3019,65.37,26,0,8.61
275,Arlit,NE,2022-09-07 04:03:42,scattered clouds,18.7369,7.3853,91.69,18,40,11.72
276,George Town,MY,2022-09-07 04:01:31,scattered clouds,5.4112,100.3354,82.33,89,40,0.0
277,Avarua,CK,2022-09-07 04:04:42,clear sky,-21.2078,-159.775,77.05,78,0,11.5
278,Catalina,US,2022-09-07 04:04:42,clear sky,32.5056,-110.9211,89.44,25,0,6.49
279,Miraflores,MX,2022-09-07 04:04:43,overcast clouds,19.2167,-98.8083,59.97,88,97,2.77
280,Colombo,LK,2022-09-07 04:04:43,overcast clouds,6.9319,79.8478,82.35,83,98,13.6
281,Honiara,SB,2022-09-07 04:04:44,few clouds,-9.4333,159.95,84.88,73,21,8.32
282,Xining,CN,2022-09-07 04:04:44,overcast clouds,36.6167,101.7667,60.58,46,100,0.45
283,Teliucu Inferior,RO,2022-09-07 04:04:44,scattered clouds,45.7167,22.8833,57.9,79,26,3.33
284,Camana,PE,2022-09-07 04:04:45,few clouds,-16.6228,-72.7111,59.4,86,14,7.31
285,Shenjiamen,CN,2022-09-07 04:04:45,overcast clouds,29.9576,122.298,80.13,60,100,5.97
286,Tanout,NE,2022-09-07 04:04:45,broken clouds,14.9709,8.8879,84.02,51,64,8.79
287,Sretensk,RU,2022-09-07 04:04:46,scattered clouds,52.2453,117.7093,65.03,50,49,13.22
288,Diffa,NE,2022-09-07 04:04:46,broken clouds,13.3154,12.6113,79.56,63,65,6.2
289,San Roque,ES,2022-09-07 04:04:46,scattered clouds,36.2107,-5.3842,72.43,60,40,12.66
290,Moose Factory,CA,2022-09-07 04:01:11,few clouds,51.2585,-80.6094,63.36,55,17,9.06
291,Rawson,AR,2022-09-07 04:04:47,overcast clouds,-43.3002,-65.1023,46.0,86,100,26.78
292,Newport,GB,2022-09-07 04:01:56,overcast clouds,51.5877,-2.9984,62.78,87,87,12.71
293,Aswan,EG,2022-09-07 04:04:47,clear sky,24.0934,32.907,81.34,38,0,8.59
294,Ulladulla,AU,2022-09-07 04:04:48,broken clouds,-35.35,150.4667,60.48,63,52,10.45
295,Kovdor,RU,2022-09-07 04:04:48,few clouds,67.5662,30.4758,31.8,98,24,4.38
296,Palmer,US,2022-09-07 04:04:48,overcast clouds,42.1584,-72.3287,63.63,84,100,3.44
297,Xianshuigu,CN,2022-09-07 04:04:49,clear sky,38.985,117.3828,87.8,20,0,8.95
298,Hualmay,PE,2022-09-07 04:04:49,few clouds,-11.0964,-77.6139,59.56,86,21,9.06
299,Ipswich,GB,2022-09-07 04:01:19,broken clouds,52.0592,1.1555,65.05,90,63,11.32
300,Maldonado,UY,2022-09-07 04:04:49,clear sky,-34.6667,-54.9167,55.22,97,5,5.91
301,Dingle,PH,2022-09-07 04:04:50,broken clouds,10.9995,122.6711,86.22,69,78,4.34
302,Swinoujscie,PL,2022-09-07 04:04:50,broken clouds,53.9105,14.2471,55.18,61,75,15.37
303,Grand-Lahou,CI,2022-09-07 04:04:51,overcast clouds,5.1367,-5.0242,72.37,93,99,5.73
304,College,US,2022-09-07 04:04:51,broken clouds,64.8569,-147.8028,58.95,72,75,3.44
305,Areosa,PT,2022-09-07 04:04:51,overcast clouds,41.7178,-8.8571,61.77,93,89,5.84
306,Vardo,NO,2022-09-07 04:04:52,overcast clouds,70.3705,31.1107,42.78,70,100,5.75
307,Krasnouralsk,RU,2022-09-07 04:04:52,overcast clouds,58.3638,60.0407,43.84,67,100,3.69
308,Aykhal,RU,2022-09-07 04:04:52,overcast clouds,66.0,111.5,39.94,84,100,15.52
309,Taoudenni,ML,2022-09-07 04:04:53,clear sky,22.6783,-3.9836,94.44,16,3,5.79
310,Prescott Valley,US,2022-09-07 04:04:53,clear sky,34.5894,-112.3252,81.18,39,0,6.91
311,Tumut,AU,2022-09-07 04:04:53,broken clouds,-35.3,148.2167,61.29,56,80,6.02
312,Clyde River,CA,2022-09-07 04:04:54,fog,70.4692,-68.5914,35.83,100,100,5.75
313,Noumea,NC,2022-09-07 04:04:54,broken clouds,-22.2763,166.4572,69.78,65,72,10.2
314,Humberto De Campos,BR,2022-09-07 04:04:54,scattered clouds,-2.5983,-43.4611,76.75,88,35,6.2
315,Rodney,CA,2022-09-07 04:04:55,few clouds,42.5668,-81.6831,57.49,77,24,1.77
316,Kieta,PG,2022-09-07 04:04:55,light rain,-6.2167,155.6333,84.52,71,5,8.21
317,Bontang,ID,2022-09-07 04:04:55,overcast clouds,0.1333,117.5,82.51,73,94,5.35
318,Launceston,AU,2022-09-07 04:04:56,overcast clouds,-41.45,147.1667,59.61,48,100,5.75
319,Moron,AR,2022-09-07 04:04:56,clear sky,-34.6534,-58.6198,61.02,89,0,6.13
320,Westport,US,2022-09-07 04:01:30,overcast clouds,41.1415,-73.3579,68.32,94,100,12.66
321,Balabac,PH,2022-09-07 04:04:57,overcast clouds,7.9868,117.0645,84.47,68,87,6.76
322,Plainview,US,2022-09-07 04:04:57,overcast clouds,40.7765,-73.4673,68.52,86,100,8.05
323,Vilyuysk,RU,2022-09-07 04:04:57,overcast clouds,63.7553,121.6247,48.54,72,100,4.94
324,Liverpool,GB,2022-09-07 04:04:58,broken clouds,53.4106,-2.9779,58.95,89,82,9.22
325,Port Moresby,PG,2022-09-07 04:05:58,broken clouds,-9.4431,147.1797,84.15,68,53,7.9
326,Yinchuan,CN,2022-09-07 04:05:58,clear sky,38.4681,106.2731,79.83,18,3,3.33
327,Dzaoudzi,YT,2022-09-07 04:05:59,clear sky,-12.7887,45.2699,76.89,73,0,13.8
328,Almendralejo,ES,2022-09-07 04:05:59,few clouds,38.6832,-6.4075,60.67,67,22,4.18
329,Hare Bay,CA,2022-09-07 04:05:59,overcast clouds,48.8499,-54.0148,49.19,80,100,5.66
330,Moerai,PF,2022-09-07 04:06:00,few clouds,-22.4333,-151.3333,71.71,72,19,18.16
331,Orbetello,IT,2022-09-07 04:06:00,broken clouds,42.4408,11.2196,73.09,81,71,8.52
332,Hvolsvollur,IS,2022-09-07 04:06:00,overcast clouds,63.7533,-20.2243,47.05,90,89,3.29
333,Barcelos,PT,2022-09-07 04:06:01,overcast clouds,41.5388,-8.6151,66.85,94,97,3.83
334,Miles City,US,2022-09-07 04:06:01,clear sky,46.4083,-105.8406,74.77,30,0,8.57
335,Saldanha,ZA,2022-09-07 04:06:02,clear sky,-33.0117,17.9442,52.5,83,4,9.35
336,Katsuura,JP,2022-09-07 04:06:02,overcast clouds,35.1333,140.3,86.02,79,96,7.31
337,Pacific Grove,US,2022-09-07 04:06:02,clear sky,36.6177,-121.9166,73.02,84,0,4.61
338,Shemonaikha,KZ,2022-09-07 04:06:03,broken clouds,50.6328,81.9056,86.97,14,83,17.02
339,Valdivia,CL,2022-09-07 04:04:33,overcast clouds,-39.8142,-73.2459,51.89,96,100,8.9
340,Sarankhola,BD,2022-09-07 04:06:04,overcast clouds,22.3082,89.7897,89.73,65,91,4.81
341,Biryusinsk,RU,2022-09-07 04:06:04,overcast clouds,55.9634,97.8235,57.34,84,100,4.97
342,Nipawin,CA,2022-09-07 04:06:04,few clouds,53.3668,-104.0009,57.34,40,16,8.03
343,Novyy Urgal,RU,2022-09-07 04:06:05,overcast clouds,51.0736,132.5642,48.24,91,100,14.79
344,Lata,PT,2022-09-07 04:06:05,overcast clouds,40.1629,-8.3327,60.93,95,99,1.83
345,Batagay-Alyta,RU,2022-09-07 04:06:06,scattered clouds,67.8006,130.4114,52.45,40,37,13.06
346,Sakaraha,MG,2022-09-07 04:06:06,clear sky,-22.9,44.5333,62.06,56,0,4.5
347,Marienburg,PL,2022-09-07 04:06:07,clear sky,54.0359,19.0266,49.57,72,0,3.98
348,San Policarpo,PH,2022-09-07 04:06:08,overcast clouds,12.1791,125.5072,84.74,71,100,6.04
349,Remanso,BR,2022-09-07 04:06:08,clear sky,-9.6179,-42.0831,72.66,59,6,15.73
350,Gat,IL,2022-09-07 04:06:08,clear sky,31.61,34.7642,75.88,100,7,4.99
351,Kupang,ID,2022-09-07 04:06:09,scattered clouds,-10.1667,123.5833,90.18,55,40,10.36
352,Tabuk,PH,2022-09-07 04:06:09,clear sky,17.4189,121.4443,87.87,66,3,4.63
353,Saint-Pierre,RE,2022-09-07 04:06:09,clear sky,-21.3393,55.4781,71.91,60,0,5.75
354,Prykolotne,UA,2022-09-07 04:06:10,clear sky,50.1604,37.3474,42.91,69,8,5.75
355,Jieshi,CN,2022-09-07 04:06:10,overcast clouds,22.8134,115.8257,77.63,88,100,10.87
356,Airai,TL,2022-09-07 04:06:11,broken clouds,-8.9266,125.4092,79.32,33,74,2.98
357,Jacareacanga,BR,2022-09-07 04:06:11,clear sky,-6.2222,-57.7528,74.98,66,8,1.99
358,Aktau,KZ,2022-09-07 04:06:11,overcast clouds,43.65,51.2,59.58,44,100,4.79
359,Constitucion,CL,2022-09-07 04:06:12,clear sky,-35.3333,-72.4167,49.01,91,3,7.78
360,Bowen,AU,2022-09-07 04:05:57,few clouds,-20.0167,148.2333,72.34,69,13,17.63
361,Plettenberg Bay,ZA,2022-09-07 04:06:12,clear sky,-34.0527,23.3716,52.14,72,0,3.85
362,Port Blair,IN,2022-09-07 04:06:13,overcast clouds,11.6667,92.75,82.04,82,99,20.65
363,Shelburne,CA,2022-09-07 04:04:01,few clouds,44.0787,-80.2041,60.76,80,13,3.13
364,Koulikoro,ML,2022-09-07 04:06:14,overcast clouds,14.0,-7.75,73.67,79,100,7.16
365,Andenes,NO,2022-09-07 04:06:14,broken clouds,69.3143,16.1194,44.92,93,75,2.3
366,Carauari,BR,2022-09-07 04:06:15,few clouds,-4.8828,-66.8958,75.43,62,16,2.51
367,Olivehurst,US,2022-09-07 04:06:15,clear sky,39.0955,-121.5522,100.33,36,0,5.75
368,Eirunepe,BR,2022-09-07 04:06:15,clear sky,-6.6603,-69.8736,74.91,53,10,2.17
369,Dunedin,NZ,2022-09-07 04:06:16,overcast clouds,-45.8742,170.5036,49.8,72,95,5.99
370,Cayenne,GF,2022-09-07 04:06:16,overcast clouds,4.9333,-52.3333,73.44,100,87,0.0
371,Porto Novo,BJ,2022-09-07 04:07:17,overcast clouds,6.4965,2.6036,73.96,91,86,4.99
372,North Myrtle Beach,US,2022-09-07 04:06:35,clear sky,33.816,-78.68,81.05,88,0,3.44
373,Amga,RU,2022-09-07 04:07:17,light rain,60.8953,131.9608,48.79,94,100,2.33
374,Humaita,BR,2022-09-07 04:07:18,scattered clouds,-7.5061,-63.0208,78.8,48,35,0.38
375,Shaoyang,CN,2022-09-07 04:07:18,broken clouds,27.2315,111.4525,91.36,36,77,5.01
376,Bathsheba,BB,2022-09-07 04:07:19,scattered clouds,13.2167,-59.5167,81.21,89,40,5.75
377,Seoul,KR,2022-09-07 04:06:51,clear sky,37.5683,126.9778,81.79,30,0,3.91
378,Barra Patuca,HN,2022-09-07 04:07:19,overcast clouds,15.8,-84.2833,80.44,80,100,4.09
379,Mayskiy,RU,2022-09-07 04:07:20,clear sky,47.6931,40.1025,42.21,53,7,4.03
380,Wamba,NG,2022-09-07 04:02:37,overcast clouds,8.9333,8.6,69.58,95,100,1.39
381,Pisco,PE,2022-09-07 04:05:07,mist,-13.7,-76.2167,59.05,88,100,3.44
382,Tondano,ID,2022-09-07 04:07:21,overcast clouds,1.3038,124.9112,75.29,65,100,1.5
383,Salalah,OM,2022-09-07 04:07:21,overcast clouds,17.0151,54.0924,77.09,94,100,5.75
384,Reims,FR,2022-09-07 04:07:21,few clouds,49.1667,4.0833,60.58,100,20,3.44
385,Miri,MY,2022-09-07 04:07:22,overcast clouds,4.4148,114.0089,87.42,58,91,2.64
386,Bubaque,GW,2022-09-07 04:07:22,overcast clouds,11.2833,-15.8333,78.78,85,100,15.37
387,Tevaitoa,PF,2022-09-07 04:07:22,clear sky,-16.7833,-151.5,78.46,74,5,19.39
388,Chara,RU,2022-09-07 04:07:23,light rain,56.9064,118.2631,52.52,62,58,4.05
389,Candido Mendes,BR,2022-09-07 04:04:42,few clouds,-1.4467,-45.7167,74.19,96,22,4.94
390,Kangaatsiaq,GL,2022-09-07 04:07:24,light rain,68.3065,-53.4641,39.0,94,100,9.62
391,Saravan,AM,2022-09-07 04:07:24,clear sky,39.7196,45.6483,57.54,72,8,4.59
392,Poltavka,RU,2022-09-07 04:07:24,broken clouds,54.3663,71.7632,55.54,69,68,25.05
393,Manaus,BR,2022-09-07 04:07:25,clear sky,-3.1019,-60.025,77.49,78,0,4.61
394,Luderitz,NA,2022-09-07 04:07:25,clear sky,-26.6481,15.1594,60.21,58,0,7.36
395,Atbasar,KZ,2022-09-07 04:07:25,clear sky,51.8,68.3333,56.32,51,5,24.32
396,Krasnoselkup,RU,2022-09-07 04:07:26,overcast clouds,65.7,82.4667,41.11,81,93,7.52
397,Jalu,LY,2022-09-07 04:07:26,clear sky,29.0331,21.5482,72.21,68,0,8.7
398,Livingstonia,MW,2022-09-07 04:07:26,clear sky,-10.606,34.1063,58.71,74,6,1.07
399,Korla,CN,2022-09-07 04:07:27,clear sky,41.7597,86.1469,84.07,14,2,3.65
400,Marawi,PH,2022-09-07 04:07:27,overcast clouds,7.9986,124.2928,77.2,78,100,3.2
401,Komsomolskiy,UZ,2022-09-07 04:07:28,clear sky,40.4272,71.7189,83.12,15,0,4.61
402,Olafsvik,IS,2022-09-07 04:07:28,scattered clouds,64.8945,-23.7142,50.68,83,42,5.75
403,Swellendam,ZA,2022-09-07 04:07:28,clear sky,-34.0226,20.4417,46.81,80,5,2.3
404,Fairview,US,2022-09-07 04:07:29,light intensity drizzle,40.8126,-73.999,68.25,88,100,9.22
405,Omboue,GA,2022-09-07 04:04:39,scattered clouds,-1.5746,9.2618,73.78,84,39,6.53
406,Opochka,RU,2022-09-07 04:07:29,light rain,56.7105,28.6617,47.34,90,100,9.4
407,Dakar,SN,2022-09-07 04:02:36,overcast clouds,14.6937,-17.4441,79.68,82,91,17.74
408,Burgeo,CA,2022-09-07 04:07:30,overcast clouds,47.6167,-57.6152,56.52,82,96,7.87
409,Kodiak,US,2022-09-07 04:07:30,overcast clouds,57.79,-152.4072,54.91,71,100,3.44
410,Warrnambool,AU,2022-09-07 04:07:30,overcast clouds,-38.3833,142.4833,62.19,60,99,15.95
411,Fowa,NG,2022-09-07 04:07:31,broken clouds,8.9167,6.4,71.76,97,61,2.8
412,Trairi,BR,2022-09-07 04:04:47,clear sky,-3.2778,-39.2689,78.85,72,9,12.86
413,Kruisfontein,ZA,2022-09-07 04:07:31,clear sky,-34.0033,24.7314,46.74,83,0,5.23
414,Chochola,MX,2022-09-07 04:07:32,clear sky,20.75,-89.8333,81.0,83,3,4.97
415,Margate,GB,2022-09-07 04:07:32,scattered clouds,51.3813,1.3862,65.89,95,35,5.99
416,Klaksvik,FO,2022-09-07 04:06:15,broken clouds,62.2266,-6.589,56.32,90,66,17.81
417,Merauke,ID,2022-09-07 04:08:32,overcast clouds,-8.4667,140.3333,82.47,76,99,8.68
418,Floro,NO,2022-09-07 04:08:33,clear sky,61.5996,5.0328,53.67,93,0,6.91
419,Jibuti,DJ,2022-09-07 04:08:33,broken clouds,11.5,42.5,82.44,56,57,13.8
420,Puerto Escondido,MX,2022-09-07 04:08:34,overcast clouds,15.85,-97.0667,81.03,81,99,3.13
421,Denpasar,ID,2022-09-07 04:08:34,broken clouds,-8.65,115.2167,83.86,79,75,14.97
422,Sorland,NO,2022-09-07 04:08:34,overcast clouds,67.667,12.6934,48.06,81,100,14.43
423,Morros,BR,2022-09-07 04:08:35,scattered clouds,-9.4467,-46.3003,74.82,33,34,6.29
424,Doha,QA,2022-09-07 04:08:33,clear sky,25.2867,51.5333,94.98,66,0,10.36
425,Podgornoye,RU,2022-09-07 04:08:35,clear sky,51.735,39.1496,44.82,81,0,6.71
426,Aragarcas,BR,2022-09-07 04:08:36,clear sky,-15.8975,-52.2508,75.42,26,7,4.27
427,Sabratah,LY,2022-09-07 04:08:36,clear sky,32.7933,12.4885,82.11,51,2,9.8
428,Grand Gaube,MU,2022-09-07 04:08:37,broken clouds,-20.0064,57.6608,70.38,70,76,4.0
429,Lhokseumawe,ID,2022-09-07 04:08:37,overcast clouds,5.1801,97.1507,83.46,61,100,2.04
430,San Pedro,PH,2022-09-07 04:08:37,scattered clouds,14.35,121.0167,88.27,69,33,3.56
431,Kaabong,UG,2022-09-07 04:08:38,light rain,3.4836,34.1492,63.1,85,9,0.47
432,Taltal,CL,2022-09-07 04:08:38,scattered clouds,-25.4,-70.4833,55.62,79,37,0.89
433,Martinsicuro,IT,2022-09-07 04:08:38,few clouds,42.8811,13.9145,75.13,87,20,1.28
434,Caravelas,BR,2022-09-07 04:08:39,overcast clouds,-17.7125,-39.2481,68.63,78,98,8.88
435,Redmond,US,2022-09-07 04:06:38,clear sky,47.674,-122.1215,69.73,67,8,3.67
436,Sept-Iles,CA,2022-09-07 04:07:03,overcast clouds,50.2001,-66.3821,52.05,90,100,3.0
437,Chernyatyn,UA,2022-09-07 04:08:39,broken clouds,48.6603,25.4483,45.36,64,74,4.16
438,Lazaro Cardenas,MX,2022-09-07 04:08:36,broken clouds,17.9583,-102.2,78.21,83,69,3.71
439,Hastings,GB,2022-09-07 04:08:40,scattered clouds,50.8552,0.5729,65.32,90,32,17.74
440,Acapulco,MX,2022-09-07 04:08:40,overcast clouds,16.8634,-99.8901,82.22,83,100,0.0
441,Palana,RU,2022-09-07 04:08:41,few clouds,59.1167,159.9667,53.15,47,16,1.28
442,Aleksandrov Gay,RU,2022-09-07 04:08:41,clear sky,50.147,48.5704,50.99,63,7,7.25
443,Rosarito,MX,2022-09-07 04:08:41,clear sky,32.3333,-117.0333,84.67,68,0,3.27
444,Cidreira,BR,2022-09-07 04:08:42,overcast clouds,-30.1811,-50.2056,60.91,90,100,14.07
445,Dezhou,CN,2022-09-07 04:08:42,clear sky,37.4486,116.2925,85.59,28,0,1.77
446,Murgab,TM,2022-09-07 04:08:43,clear sky,37.4966,61.9714,87.03,14,0,6.26
447,Guru Har Sahai,IN,2022-09-07 04:08:43,clear sky,30.7167,74.4167,89.26,53,0,1.81
448,Dehloran,IR,2022-09-07 04:08:43,clear sky,32.6941,47.2679,94.91,21,0,9.26
449,Skibbereen,IE,2022-09-07 04:08:44,overcast clouds,51.55,-9.2667,59.4,92,100,15.82
450,Halifax,CA,2022-09-07 04:05:05,broken clouds,44.6453,-63.5724,59.47,88,54,5.01
451,Santa Rosa De Viterbo,BR,2022-09-07 04:08:44,overcast clouds,-21.4728,-47.3631,63.68,77,97,7.83
452,Novovoronezh,RU,2022-09-07 04:08:45,few clouds,51.3072,39.2173,43.99,65,19,6.33
453,Tafresh,IR,2022-09-07 04:08:45,clear sky,34.692,50.013,70.57,16,0,4.21
454,Carutapera,BR,2022-09-07 04:08:45,few clouds,-1.195,-46.02,76.17,92,14,8.34
455,Planadas,CO,2022-09-07 04:08:46,broken clouds,3.197,-75.6451,66.42,86,84,4.12
456,Bunia,CD,2022-09-07 04:08:46,light rain,1.5667,30.25,61.39,93,97,1.83
457,Jacmel,HT,2022-09-07 04:08:46,overcast clouds,18.2342,-72.5347,76.84,86,87,3.6
458,Kenora,CA,2022-09-07 04:04:39,clear sky,49.8167,-94.4337,57.92,48,1,2.82
459,Casper,US,2022-09-07 04:06:15,clear sky,42.8666,-106.3131,74.8,25,0,8.05
460,Outjo,NA,2022-09-07 04:08:47,clear sky,-20.1167,16.15,63.84,22,4,9.22
461,Buala,SB,2022-09-07 04:08:48,light rain,-8.145,159.5921,84.78,70,24,9.75
462,Yeppoon,AU,2022-09-07 04:09:48,clear sky,-23.1333,150.7333,74.98,64,9,10.02
463,Poum,NC,2022-09-07 04:09:49,overcast clouds,-20.2333,164.0167,71.15,76,94,20.76
464,Thung Song,TH,2022-09-07 04:09:49,light rain,8.1645,99.6804,88.43,70,100,6.96
465,Weatherford,US,2022-09-07 04:09:49,few clouds,32.7593,-97.7972,79.95,76,22,6.64
466,Price,US,2022-09-07 04:09:50,clear sky,39.5994,-110.8107,81.66,13,0,5.75
467,Astorga,BR,2022-09-07 04:09:50,overcast clouds,-23.2325,-51.6656,58.32,93,100,15.21
468,Aklavik,CA,2022-09-07 04:09:50,overcast clouds,68.2191,-135.0107,42.84,73,94,4.92
469,Karratha,AU,2022-09-07 04:09:51,clear sky,-20.7377,116.8463,76.48,26,0,4.36
470,Lodja,CD,2022-09-07 04:09:51,few clouds,-3.4833,23.4333,68.74,97,11,1.12
471,Zahesi,GE,2022-09-07 04:09:51,overcast clouds,41.8246,44.7536,58.71,79,100,3.09
472,Trelew,AR,2022-09-07 04:09:52,overcast clouds,-43.249,-65.3051,45.91,83,100,26.78
473,Filingue,NE,2022-09-07 04:09:52,overcast clouds,14.3521,3.3168,80.42,67,100,9.06
474,Petropavlovsk-Kamchatskiy,RU,2022-09-07 04:09:52,broken clouds,53.0452,158.6483,55.99,82,75,13.42
475,Trapani,IT,2022-09-07 04:09:53,overcast clouds,37.8333,12.6667,77.23,80,100,4.65
476,Merano,IT,2022-09-07 04:09:53,broken clouds,46.6682,11.1595,70.57,90,63,2.39
477,Warmbad,NA,2022-09-07 04:09:54,clear sky,-28.45,18.7333,55.9,18,0,10.42
478,Dawson Creek,CA,2022-09-07 04:09:54,broken clouds,55.7666,-120.2362,56.08,44,75,3.98
479,Naryan-Mar,RU,2022-09-07 04:09:54,overcast clouds,67.6713,53.087,40.96,84,91,10.69
480,Devonport,AU,2022-09-07 04:09:30,few clouds,-41.1667,146.35,59.09,62,18,11.83
481,Beloha,MG,2022-09-07 04:09:55,clear sky,-25.1667,45.05,64.11,81,0,5.66
482,Novyy Buyan,RU,2022-09-07 04:09:55,broken clouds,53.6861,50.0469,48.15,76,74,9.8
483,Lashio,MM,2022-09-07 04:09:55,broken clouds,22.9333,97.75,85.77,55,69,0.74
484,Kahului,US,2022-09-07 04:09:56,scattered clouds,20.8947,-156.47,84.22,70,40,25.32
485,Londoko,RU,2022-09-07 04:09:56,light rain,49.0333,131.9833,50.68,97,100,17.78
486,Talnakh,RU,2022-09-07 04:09:57,overcast clouds,69.4865,88.3972,33.21,70,100,8.23
487,Coihaique,CL,2022-09-07 04:09:57,overcast clouds,-45.5752,-72.0662,32.61,100,100,1.14
488,Flin Flon,CA,2022-09-07 04:07:54,clear sky,54.7682,-101.865,55.85,55,4,6.93
489,Los Llanos De Aridane,ES,2022-09-07 04:09:58,scattered clouds,28.6585,-17.9182,69.55,86,40,10.36
490,Quesnel,CA,2022-09-07 04:05:03,broken clouds,52.9999,-122.5029,57.76,57,56,0.81
491,Broken Hill,AU,2022-09-07 04:05:58,overcast clouds,-31.95,141.4333,72.63,39,93,20.07
492,Stanger,ZA,2022-09-07 04:09:58,overcast clouds,-29.3282,31.2895,60.01,78,93,4.16
493,Kalmunai,LK,2022-09-07 04:09:58,overcast clouds,7.4167,81.8167,83.34,66,100,4.05
494,Salinopolis,BR,2022-09-07 04:09:59,scattered clouds,-0.6136,-47.3561,78.04,87,32,10.45
495,Rognan,NO,2022-09-07 04:09:59,overcast clouds,67.0953,15.3878,46.54,89,100,2.46
496,Iskateley,RU,2022-09-07 04:10:00,overcast clouds,67.6803,53.1512,40.86,85,91,10.38
497,El Calvario,GT,2022-09-07 04:10:00,overcast clouds,14.1167,-89.9167,63.66,96,100,1.97
498,Tuscaloosa,US,2022-09-07 04:08:42,few clouds,33.2098,-87.5692,75.85,90,20,0.0
499,Hami,CN,2022-09-07 04:10:01,clear sky,42.8,93.45,89.73,7,4,6.78
500,Unai,BR,2022-09-07 04:10:01,broken clouds,-16.3575,-46.9061,70.34,50,65,3.22
501,Mandera,KE,2022-09-07 04:10:10,clear sky,3.9366,41.867,73.9,66,4,14.88
502,Stonewall,CA,2022-09-07 04:08:31,clear sky,50.1344,-97.3268,62.71,35,3,6.51
503,Itaueira,BR,2022-09-07 04:10:11,clear sky,-7.6033,-43.0256,77.05,39,3,10.02
504,Fortuna,US,2022-09-07 04:10:12,clear sky,40.5982,-124.1573,58.66,100,0,3.44
505,Mae Sai,TH,2022-09-07 04:10:19,overcast clouds,20.4335,99.8762,87.75,49,100,3.58
506,Mogzon,RU,2022-09-07 04:11:12,broken clouds,51.7435,111.9606,67.62,45,68,10.56
507,Manuk Mangkaw,PH,2022-09-07 04:11:13,overcast clouds,4.8,119.85,82.8,75,89,7.9
508,Kotido,UG,2022-09-07 04:11:13,light rain,2.9806,34.1331,64.78,88,19,3.74
509,Davila,PH,2022-09-07 04:11:14,light rain,18.4726,120.5763,85.57,75,88,9.66
510,Dubti,ET,2022-09-07 04:11:14,few clouds,11.7361,41.0853,82.18,55,24,16.37
511,Haines Junction,CA,2022-09-07 04:11:15,overcast clouds,60.7522,-137.5108,49.95,62,100,0.0
512,Tateyama,JP,2022-09-07 04:10:14,overcast clouds,34.9833,139.8667,87.1,73,98,6.26
513,Sumbe,AO,2022-09-07 04:11:15,broken clouds,-11.2061,13.8437,70.45,88,82,0.31
514,Vikindu,TZ,2022-09-07 04:11:17,few clouds,-7.0067,39.2985,70.14,83,20,4.85
515,Tabora,TZ,2022-09-07 04:11:17,broken clouds,-5.0167,32.8,68.86,54,76,6.82
516,Orlik,RU,2022-09-07 04:11:18,overcast clouds,52.5178,99.825,71.87,32,85,15.43
517,The Valley,AI,2022-09-07 04:10:35,overcast clouds,18.217,-63.0578,84.06,78,100,8.99
518,Lyndon,US,2022-09-07 04:11:18,clear sky,38.2567,-85.6016,71.64,89,0,1.01
519,Nizhniy Kuranakh,RU,2022-09-07 04:11:19,light rain,58.8353,125.4869,49.82,82,100,3.65
520,Virginia Beach,US,2022-09-07 04:10:05,mist,36.8529,-75.978,80.62,96,40,0.0
521,Thunder Bay,CA,2022-09-07 04:11:19,scattered clouds,48.4001,-89.3168,60.1,88,30,2.68
522,Jadu,LY,2022-09-07 04:11:20,clear sky,31.953,12.0261,74.39,47,0,7.81
523,Nome,US,2022-09-07 04:11:20,light rain,64.5011,-165.4064,48.27,87,100,6.91
524,Toccoa,US,2022-09-07 04:11:20,clear sky,34.5773,-83.3324,73.92,89,0,4.61
525,Mogadishu,SO,2022-09-07 04:11:21,clear sky,2.0371,45.3438,76.19,81,10,16.42
526,Montes Claros,BR,2022-09-07 04:07:03,few clouds,-16.735,-43.8617,62.69,62,16,8.99
527,Panlaitan,PH,2022-09-07 04:11:21,overcast clouds,12.1191,119.8486,84.7,72,99,9.48
528,Atlantic City,US,2022-09-07 04:11:22,mist,39.3643,-74.4229,71.98,93,100,8.99
529,Gold Coast,AU,2022-09-07 04:11:22,light rain,-28.0,153.4333,70.16,60,40,12.66
530,Pare,ID,2022-09-07 04:07:19,scattered clouds,-7.7679,112.198,90.3,51,46,3.24
531,Rovaniemi,FI,2022-09-07 04:11:23,few clouds,66.5,25.7167,36.81,93,20,5.75
532,Brovst,DK,2022-09-07 04:11:23,clear sky,57.0956,9.528,54.97,87,0,6.91
533,Yebaishou,CN,2022-09-07 04:11:24,clear sky,41.3975,119.6408,81.81,23,0,7.2
534,Amazar,RU,2022-09-07 04:11:24,broken clouds,53.858,120.875,59.54,59,58,8.7
535,Desnogorsk,RU,2022-09-07 04:11:24,overcast clouds,54.1508,33.2815,39.54,79,100,6.6
536,Kurgan,RU,2022-09-07 04:11:25,overcast clouds,55.45,65.3333,47.55,74,98,11.92
537,Huntsville,US,2022-09-07 04:06:43,clear sky,34.7304,-86.5861,70.9,96,0,5.01
538,Cockburn Town,TC,2022-09-07 04:11:26,few clouds,21.4612,-71.1419,83.08,73,24,8.95
539,Port Macquarie,AU,2022-09-07 04:09:59,overcast clouds,-31.4333,152.9167,65.89,63,100,7.38
540,Bardiyah,LY,2022-09-07 04:11:26,clear sky,31.7561,25.0865,74.53,66,7,9.66
541,Alofi,NU,2022-09-07 04:11:27,clear sky,-19.0595,-169.9187,77.16,74,9,14.92
542,Labuhan,ID,2022-09-07 04:11:27,broken clouds,-6.8844,112.2051,88.39,58,84,9.01
543,Majene,ID,2022-09-07 04:11:28,overcast clouds,-3.5403,118.9707,82.8,63,100,2.73
544,San Vicente,AR,2022-09-07 04:11:28,broken clouds,-26.6167,-54.1333,52.68,99,60,1.79
545,Shush,IR,2022-09-07 04:11:28,clear sky,32.1942,48.2436,91.31,53,0,8.05
546,Dalianwan,CN,2022-09-07 04:11:29,clear sky,39.0286,121.695,82.44,39,0,8.95
547,Harper,LR,2022-09-07 04:11:29,overcast clouds,4.375,-7.7169,74.97,88,88,8.16
548,Sulangan,PH,2022-09-07 04:11:29,overcast clouds,11.1373,123.7228,82.78,73,100,3.04
549,Samfya,ZM,2022-09-07 04:11:30,clear sky,-11.3649,29.5565,60.62,51,5,8.75
550,Show Low,US,2022-09-07 04:11:09,clear sky,34.2542,-110.0298,71.15,50,0,9.22
551,Waipawa,NZ,2022-09-07 04:12:31,scattered clouds,-41.4122,175.5153,51.31,60,30,4.81
552,Ca Mau,VN,2022-09-07 04:12:31,overcast clouds,9.1769,105.15,75.96,91,100,10.04
553,Hwange,ZW,2022-09-07 04:12:32,clear sky,-18.3693,26.5019,65.91,55,0,8.48
554,Abu Dhabi,AE,2022-09-07 04:12:21,clear sky,24.4667,54.3667,91.51,39,0,13.8
555,Bilibino,RU,2022-09-07 04:12:33,overcast clouds,68.0546,166.4372,49.28,48,94,6.69
556,Manzil Salim,TN,2022-09-07 04:12:34,overcast clouds,35.8567,8.4765,78.04,48,100,5.39
557,Gizo,SB,2022-09-07 04:12:34,light rain,-8.103,156.8419,83.97,72,10,5.7
558,Wasilla,US,2022-09-07 04:12:34,broken clouds,61.5814,-149.4394,55.29,86,75,3.44
559,Samarkand,UZ,2022-09-07 04:12:35,clear sky,39.6542,66.9597,76.42,29,0,9.22
560,Hamilton,US,2022-09-07 04:10:02,broken clouds,39.1834,-84.5333,70.09,91,52,4.36
561,Salihorsk,BY,2022-09-07 04:12:35,clear sky,52.7876,27.5415,37.87,76,5,5.39
562,Surin,TH,2022-09-07 04:12:36,overcast clouds,14.8818,103.4936,81.55,74,100,4.5
563,Antigonish,CA,2022-09-07 04:11:19,scattered clouds,45.6169,-61.9986,63.82,89,47,1.01
564,Nelson Bay,AU,2022-09-07 04:12:36,broken clouds,-32.7167,152.15,67.1,66,77,14.0
565,Houston,US,2022-09-07 04:11:13,broken clouds,29.7633,-95.3633,81.34,81,75,9.22
566,Morondava,MG,2022-09-07 04:12:37,clear sky,-20.2833,44.2833,70.09,50,0,8.39
567,Khorixas,NA,2022-09-07 04:12:38,clear sky,-20.3667,14.9667,65.64,22,2,4.72
568,Marshall,US,2022-09-07 04:12:38,scattered clouds,34.3834,-86.3333,71.35,90,40,0.0
569,Zalantun,CN,2022-09-07 04:12:38,clear sky,48.0,122.7167,70.2,35,5,18.45
570,Magadan,RU,2022-09-07 04:12:39,overcast clouds,59.5667,150.8,61.54,52,100,8.79
571,Gulariya,NP,2022-09-07 04:12:39,clear sky,28.2333,81.3333,88.65,60,7,4.79
572,Emba,KZ,2022-09-07 04:09:17,clear sky,48.8264,58.1442,55.47,40,3,10.63
573,Kigoma,TZ,2022-09-07 04:12:40,broken clouds,-4.8769,29.6267,77.4,61,74,3.29
574,Valparaiso,CL,2022-09-07 04:12:14,mist,-33.0393,-71.6273,53.47,94,100,2.3
575,Road Town,VG,2022-09-07 04:12:40,overcast clouds,18.4167,-64.6167,84.29,79,99,10.27
576,Remuna,IN,2022-09-07 04:12:41,overcast clouds,21.5261,86.8722,89.33,64,100,5.23
577,Maine-Soroa,NE,2022-09-07 04:12:41,overcast clouds,13.2114,12.0241,79.2,70,86,8.01
578,Matagami,CA,2022-09-07 04:12:41,clear sky,49.7502,-77.6328,50.11,87,0,2.3
579,Takaungu,KE,2022-09-07 04:12:42,few clouds,-3.6837,39.8566,70.29,85,19,12.15
580,Nakambala,ZM,2022-09-07 04:12:42,clear sky,-15.8324,27.7799,65.88,41,0,12.03
581,Kutum,SD,2022-09-07 04:12:43,broken clouds,14.2,24.6667,73.02,68,66,2.68
582,Linxi,CN,2022-09-07 04:12:43,clear sky,39.7,118.4333,83.57,30,0,5.97
583,Rincon,US,2022-09-07 04:12:44,clear sky,32.296,-81.2354,83.86,90,0,0.0
584,Anantapur,IN,2022-09-07 04:12:44,overcast clouds,14.6833,77.6,82.31,68,85,6.67
585,Hibbing,US,2022-09-07 04:12:44,mist,47.4272,-92.9377,64.0,70,0,0.0
586,Yaan,NG,2022-09-07 04:12:45,overcast clouds,7.3833,8.5667,70.7,98,100,4.76
587,Ramanuj Ganj,IN,2022-09-07 04:12:45,broken clouds,23.8,83.7,83.98,71,79,5.59
588,Menongue,AO,2022-09-07 04:12:45,clear sky,-14.6585,17.691,59.54,31,0,4.85
589,Anicuns,BR,2022-09-07 04:12:46,broken clouds,-16.4611,-49.9617,75.38,37,66,8.66
590,Fort Nelson,CA,2022-09-07 04:12:46,broken clouds,58.8053,-122.7002,56.79,58,75,0.0
591,Coos Bay,US,2022-09-07 04:08:58,clear sky,43.3665,-124.2179,61.99,90,0,16.11
592,Monterey,US,2022-09-07 04:12:47,clear sky,36.2505,-121.2516,85.17,32,0,5.23
593,Eregli,TR,2022-09-07 04:12:47,clear sky,37.5133,34.0467,57.13,58,0,2.26
594,Morganton,US,2022-09-07 04:12:05,clear sky,35.7454,-81.6848,72.64,95,0,1.01
595,Aragats,AM,2022-09-07 04:12:47,overcast clouds,40.4889,44.3528,51.37,86,96,2.48
596,Saint-Francois,FR,2022-09-07 04:13:48,broken clouds,46.4154,3.9054,60.67,94,62,3.44
597,Ihtiman,BG,2022-09-07 04:13:48,clear sky,42.4333,23.8167,52.41,98,4,2.3
598,Hambantota,LK,2022-09-07 04:13:48,overcast clouds,6.1241,81.1185,83.16,70,97,22.82
599,Darhan,MN,2022-09-07 04:13:49,clear sky,49.4867,105.9228,76.3,38,10,11.61
600,Cascais,PT,2022-09-07 04:13:49,overcast clouds,38.6979,-9.4215,67.93,72,94,13.0
601,Moanda,GA,2022-09-07 04:13:50,broken clouds,-1.5575,13.2178,71.78,85,65,2.46
602,Dharmavaram,IN,2022-09-07 04:13:50,overcast clouds,14.4333,77.7167,81.81,69,85,5.19
603,Kanigiri,IN,2022-09-07 04:13:50,light rain,15.4,79.5167,87.85,54,72,1.36
604,Tortosa,ES,2022-09-07 04:13:51,scattered clouds,40.8125,0.5216,77.25,51,31,4.94
605,Clermont,FR,2022-09-07 04:13:51,scattered clouds,49.5,2.4167,60.71,91,50,7.61
606,Duluth,US,2022-09-07 04:13:13,overcast clouds,46.7833,-92.1066,69.08,86,100,5.75
607,Zaraza,VE,2022-09-07 04:13:52,overcast clouds,9.3503,-65.3245,73.74,94,100,2.93
608,Machalpur,IN,2022-09-07 04:13:52,scattered clouds,24.1333,76.3,83.79,68,28,4.68
609,Peniche,PT,2022-09-07 04:13:52,overcast clouds,39.3558,-9.3811,64.45,92,100,4.14
610,Karpogory,RU,2022-09-07 04:13:53,overcast clouds,64.0019,44.4451,41.05,96,100,8.86
611,Santa Maria,BR,2022-09-07 04:13:53,scattered clouds,-29.6842,-53.8069,57.33,95,35,2.8
612,Tokmak,UA,2022-09-07 04:13:53,clear sky,47.2514,35.7058,49.59,54,8,5.19
613,Tessalit,ML,2022-09-07 04:13:54,clear sky,20.1986,1.0114,84.07,44,1,5.26
614,Luau,AO,2022-09-07 04:13:54,clear sky,-10.7073,22.2247,64.33,30,1,2.42
615,Hellvik,NO,2022-09-07 04:13:55,overcast clouds,59.9156,5.781,55.96,79,100,1.99
616,Baie-Comeau,CA,2022-09-07 04:13:55,clear sky,49.2168,-68.1489,42.48,93,0,4.61
617,Sarmizegetusa,RO,2022-09-07 04:13:55,few clouds,45.5167,22.7833,56.7,78,19,5.14
618,Dawlatabad,AF,2022-09-07 04:13:56,clear sky,36.4141,64.9053,88.21,10,0,0.92
619,Dhanera,IN,2022-09-07 04:13:56,clear sky,24.5167,72.0167,85.05,59,0,5.23
620,Naliya,IN,2022-09-07 04:13:56,clear sky,23.2667,68.8333,82.2,65,0,7.72
621,Atar,MR,2022-09-07 04:13:57,clear sky,20.5169,-13.0499,91.6,22,10,12.12
622,Pekin,CN,2022-09-07 04:13:57,clear sky,39.9075,116.3972,84.09,15,0,2.26
623,Sharjah,AE,2022-09-07 04:13:58,clear sky,25.3573,55.4033,91.69,58,0,16.11
624,Saint-Louis,SN,2022-09-07 04:13:58,scattered clouds,16.3333,-15.0,82.74,74,39,16.73
625,Charters Towers,AU,2022-09-07 04:13:58,overcast clouds,-20.1,146.2667,75.99,49,89,10.25
626,Oistins,BB,2022-09-07 04:13:59,scattered clouds,13.0667,-59.5333,80.69,89,40,5.75
627,Port Hedland,AU,2022-09-07 04:13:59,clear sky,-20.3167,118.5667,80.65,26,0,5.75
628,Cordova,ES,2022-09-07 04:13:59,clear sky,38.0,-4.8333,58.55,68,0,0.0
629,Qasigiannguit,GL,2022-09-07 04:14:00,light rain,68.8193,-51.1922,37.65,98,100,3.56
630,Moramanga,MG,2022-09-07 04:14:00,scattered clouds,-18.9333,48.2,53.6,93,30,1.14
631,Sistranda,NO,2022-09-07 04:14:00,scattered clouds,63.7256,8.834,40.96,77,41,17.16
632,Biak,ID,2022-09-07 04:14:01,moderate rain,-0.9131,122.8766,79.14,80,100,1.9
633,Aksay,RU,2022-09-07 04:09:10,clear sky,47.26,39.87,43.02,51,7,4.74
634,Ondjiva,AO,2022-09-07 04:14:01,clear sky,-17.0667,15.7333,62.6,27,2,4.34
635,Ratnagiri,IN,2022-09-07 04:14:02,overcast clouds,16.9833,73.3,78.24,89,100,8.08
636,Mehamn,NO,2022-09-07 04:14:02,broken clouds,71.0357,27.8492,40.91,93,75,4.61
637,Vuktyl,RU,2022-09-07 04:14:03,overcast clouds,63.8567,57.3094,43.93,89,100,3.36
638,Atikokan,CA,2022-09-07 04:14:03,clear sky,48.7555,-91.6216,61.32,72,2,5.73
639,Portland,US,2022-09-07 04:10:10,clear sky,45.5234,-122.6762,81.09,46,0,9.22
640,Peremyshlyany,UA,2022-09-07 04:14:04,few clouds,49.6652,24.5585,41.83,67,20,4.27
641,Tezu,IN,2022-09-07 04:14:04,broken clouds,27.9167,96.1667,82.44,71,84,3.27
642,Lumphat,KH,2022-09-07 04:15:05,light rain,13.4878,106.9816,75.42,96,100,2.53
643,Makakilo City,US,2022-09-07 04:15:05,broken clouds,21.3469,-158.0858,82.72,62,75,17.27
644,Uruzgan,AF,2022-09-07 04:15:06,clear sky,32.8333,66.0,77.11,11,0,1.54
645,Pontianak,ID,2022-09-07 04:13:34,broken clouds,-0.0333,109.3333,87.78,66,75,3.44
646,Zyryanka,RU,2022-09-07 04:15:06,clear sky,65.75,150.85,68.45,29,0,15.1
647,Melo,UY,2022-09-07 04:15:07,few clouds,-32.3667,-54.1833,54.19,94,14,4.29
648,Lovozero,RU,2022-09-07 04:15:07,overcast clouds,68.005,35.0117,37.36,92,93,5.68
649,Oranjestad,AW,2022-09-07 04:12:45,few clouds,12.524,-70.027,84.15,84,20,16.11
650,Rafai,CF,2022-09-07 04:15:08,moderate rain,4.95,23.9167,67.78,99,86,2.1
651,Proddatur,IN,2022-09-07 04:15:08,overcast clouds,14.7333,78.55,83.89,61,95,6.64
652,Popondetta,PG,2022-09-07 04:15:09,scattered clouds,-8.7537,148.2534,91.67,45,35,9.08
653,Kokopo,PG,2022-09-07 04:15:10,light rain,-4.352,152.2633,87.85,58,38,15.19
654,Great Falls,US,2022-09-07 04:15:10,clear sky,47.5002,-111.3008,76.41,27,0,11.5
655,Hearst,CA,2022-09-07 04:15:10,clear sky,49.6835,-83.6665,55.65,73,4,6.15
656,Nuuk,GL,2022-09-07 04:15:11,broken clouds,64.1835,-51.7216,41.61,93,75,5.75
657,Iralaya,HN,2022-09-07 04:15:11,overcast clouds,15.0,-83.2333,81.07,83,100,6.49
658,Oktyabrskoye,RU,2022-09-07 04:15:12,overcast clouds,43.0645,44.7417,55.54,94,100,4.47
659,Vestmannaeyjar,IS,2022-09-07 04:15:12,broken clouds,63.4427,-20.2734,51.55,89,63,7.16
660,Nanticoke,US,2022-09-07 04:15:12,overcast clouds,41.2054,-76.0049,67.89,96,100,3.71
661,Port Augusta,AU,2022-09-07 04:15:13,broken clouds,-32.5,137.7667,68.49,56,81,17.54
662,Katobu,ID,2022-09-07 04:15:13,overcast clouds,-4.9408,122.5276,87.12,58,89,4.12
663,Mangai,CD,2022-09-07 04:15:14,few clouds,-4.05,19.5333,71.22,90,13,0.98
664,Kysyl-Syr,RU,2022-09-07 04:15:14,light rain,63.8986,122.7617,49.78,72,100,4.74
665,Cabedelo,BR,2022-09-07 04:15:15,scattered clouds,-6.9811,-34.8339,70.47,84,29,15.88
666,Yar-Sale,RU,2022-09-07 04:15:15,overcast clouds,66.8333,70.8333,39.97,73,88,8.63
667,Taitung,TW,2022-09-07 04:15:18,broken clouds,22.7583,121.1444,89.87,70,75,5.75
668,Resende,BR,2022-09-07 04:15:18,overcast clouds,-22.4689,-44.4467,56.16,87,100,1.28
669,Salto,UY,2022-09-07 04:13:26,clear sky,-31.3833,-57.9667,50.88,100,0,7.0
670,Keti Bandar,PK,2022-09-07 04:15:19,scattered clouds,24.1447,67.4497,82.18,67,40,8.23
671,Husavik,IS,2022-09-07 04:15:19,overcast clouds,66.0449,-17.3389,47.25,93,98,2.15
672,Ochakiv,UA,2022-09-07 04:15:19,clear sky,46.6128,31.5498,54.81,59,2,8.16
673,Cordoba,AR,2022-09-07 04:15:20,clear sky,-31.4135,-64.1811,57.24,29,0,11.5
674,Erice,IT,2022-09-07 04:15:20,few clouds,38.037,12.5865,72.07,78,20,6.91
675,Aloleng,PH,2022-09-07 04:15:21,overcast clouds,16.1307,119.7824,84.72,74,94,5.68
676,Bitung,ID,2022-09-07 04:15:21,light rain,1.4451,125.1824,77.85,64,100,6.73
677,Dicabisagan,PH,2022-09-07 04:15:22,clear sky,17.0818,122.4157,88.61,64,5,5.35
678,Kampene,CD,2022-09-07 04:15:22,broken clouds,-3.6,26.6667,66.94,95,52,2.73
679,Ampanihy,MG,2022-09-07 04:15:23,clear sky,-24.7,44.75,62.31,86,0,6.2
680,Ardakan,IR,2022-09-07 04:15:23,clear sky,32.31,54.0175,80.55,12,0,1.43
681,Salmas,IR,2022-09-07 04:15:24,clear sky,38.1973,44.7653,62.13,70,0,2.19
682,Carballo,ES,2022-09-07 04:15:24,overcast clouds,43.213,-8.691,64.09,89,100,7.36
683,Nanortalik,GL,2022-09-07 04:15:25,overcast clouds,60.1432,-45.2371,43.92,94,100,1.59
684,Shellbrook,CA,2022-09-07 04:15:25,clear sky,53.2168,-106.4011,51.03,29,5,6.08
685,Xiamen,CN,2022-09-07 04:11:08,overcast clouds,24.4798,118.0819,74.01,88,100,10.78
686,Gazimurskiy Zavod,RU,2022-09-07 04:12:20,scattered clouds,51.5461,118.3266,66.81,42,41,12.77
687,San Vicente De Canete,PE,2022-09-07 04:16:26,broken clouds,-13.0751,-76.3835,59.83,82,57,3.18
688,Oxbow,CA,2022-09-07 04:16:27,clear sky,49.2333,-102.1676,64.85,32,0,5.41
689,Viedma,AR,2022-09-07 04:16:27,overcast clouds,-40.8135,-62.9967,65.43,20,100,16.04
690,Clarksburg,US,2022-09-07 04:16:27,overcast clouds,39.2807,-80.3445,68.94,98,95,1.12
691,Souillac,MU,2022-09-07 04:16:28,broken clouds,-20.5167,57.5167,71.98,68,75,12.66
692,Luwuk,ID,2022-09-07 04:16:28,moderate rain,-0.9516,122.7875,82.18,79,100,2.06
693,Sola,VU,2022-09-07 04:16:29,few clouds,-13.8833,167.55,80.62,77,15,14.03
694,Elkton,US,2022-09-07 04:16:21,overcast clouds,39.6068,-75.8333,71.44,90,100,1.01
695,Sadao,TH,2022-09-07 04:16:29,overcast clouds,6.6388,100.4234,85.82,64,100,7.78
696,Bara,NG,2022-09-07 04:13:06,moderate rain,10.3744,10.7288,70.93,97,99,1.39
697,Kenai,US,2022-09-07 04:16:30,overcast clouds,60.5544,-151.2583,55.49,82,100,12.66
698,Aleppo,SY,2022-09-07 04:16:30,clear sky,36.25,37.5,73.51,81,0,9.33
699,Kudat,MY,2022-09-07 04:16:31,few clouds,6.8837,116.8477,87.73,70,20,4.61
700,Shingu,JP,2022-09-07 04:16:31,broken clouds,33.7333,135.9833,85.17,78,60,6.26
701,Visselhovede,DE,2022-09-07 04:16:32,heavy intensity rain,52.9833,9.6,59.7,78,100,4.88
702,Mikhaylovka,RU,2022-09-07 04:16:32,clear sky,50.06,43.2379,43.7,67,7,5.86
703,Trinidad,BO,2022-09-07 04:16:32,clear sky,-14.8333,-64.9,72.84,32,1,2.77
704,Maykor,RU,2022-09-07 04:16:33,light rain,59.0059,55.88,42.31,95,100,6.11
705,Pokhara,NP,2022-09-07 04:16:33,moderate rain,28.2333,83.9833,80.51,72,39,4.43
706,Maxixe,MZ,2022-09-07 04:16:34,overcast clouds,-23.8597,35.3472,69.48,79,99,12.86
707,Sosnovo-Ozerskoye,RU,2022-09-07 04:16:34,overcast clouds,52.5249,111.5418,61.29,51,99,17.81
708,Henties Bay,NA,2022-09-07 04:16:34,clear sky,-22.116,14.2845,56.05,79,0,6.6
709,Mahibadhoo,MV,2022-09-07 04:16:35,overcast clouds,3.7833,72.9667,79.86,81,91,13.56
710,Yuxia,CN,2022-09-07 04:16:35,overcast clouds,34.0615,108.6291,79.41,43,95,3.8
711,Petrozavodsk,RU,2022-09-07 04:16:36,overcast clouds,61.7849,34.3469,45.86,87,100,8.95
